insert into STUDENTS_APP.LANGUAGES VALUES('English', 'en');
insert into STUDENTS_APP.LANGUAGES VALUES('Русский', 'ru');
insert into STUDENTS_APP.LANGUAGES VALUES('Deutsch', 'de');

insert into STUDENTS_APP.ROLES values ('ROLE_STUDENT');
insert into STUDENTS_APP.ROLES values ('ROLE_TEACHER');
insert into STUDENTS_APP.ROLES values ('ROLE_ADMIN');

insert into STUDENTS_APP.SUBJECT_TYPES values('Physical');
insert into STUDENTS_APP.SUBJECT_TYPES values('Natural');
insert into STUDENTS_APP.SUBJECT_TYPES values('Formal');
insert into STUDENTS_APP.SUBJECT_TYPES values('Social');
insert into STUDENTS_APP.SUBJECT_TYPES values('IT, Computer Science');
insert into STUDENTS_APP.SUBJECT_TYPES values('Other');

INSERT INTO STUDENTS_APP.SUBJECTS (SUBJECT_NAME, SUBJECT_TYPE) VALUES ('Probability and Statistics', 'Formal');
INSERT INTO STUDENTS_APP.SUBJECTS (SUBJECT_NAME, SUBJECT_TYPE) VALUES ('Calculus', 'Formal');
INSERT INTO STUDENTS_APP.SUBJECTS (SUBJECT_NAME, SUBJECT_TYPE) VALUES ('Linear algebra', 'Formal');
INSERT INTO STUDENTS_APP.SUBJECTS (SUBJECT_NAME, SUBJECT_TYPE) VALUES ('General English', 'Social');
INSERT INTO STUDENTS_APP.SUBJECTS (SUBJECT_NAME, SUBJECT_TYPE) VALUES ('English in IT', 'Formal');
INSERT INTO STUDENTS_APP.SUBJECTS (SUBJECT_NAME, SUBJECT_TYPE) VALUES ('Telecommunications', 'IT, Computer Science');
INSERT INTO STUDENTS_APP.SUBJECTS (SUBJECT_NAME, SUBJECT_TYPE) VALUES ('High-level programming', 'IT, Computer Science');
INSERT INTO STUDENTS_APP.SUBJECTS (SUBJECT_NAME, SUBJECT_TYPE) VALUES ('Mathematical logic', 'Formal');
INSERT INTO STUDENTS_APP.SUBJECTS (SUBJECT_NAME, SUBJECT_TYPE) VALUES ('History of Europe', 'Social');
INSERT INTO STUDENTS_APP.SUBJECTS (SUBJECT_NAME, SUBJECT_TYPE) VALUES ('Neurobiology', 'Natural');
INSERT INTO STUDENTS_APP.SUBJECTS (SUBJECT_NAME, SUBJECT_TYPE) VALUES ('Robotechnics', 'IT, Computer Science');
INSERT INTO STUDENTS_APP.SUBJECTS (SUBJECT_NAME, SUBJECT_TYPE) VALUES ('German language', 'Social');
INSERT INTO STUDENTS_APP.SUBJECTS (SUBJECT_NAME, SUBJECT_TYPE) VALUES ('Physics', 'Physical');
INSERT INTO STUDENTS_APP.SUBJECTS (SUBJECT_NAME, SUBJECT_TYPE) VALUES ('Thermodynamics', 'Physical');
INSERT INTO STUDENTS_APP.SUBJECTS (SUBJECT_NAME, SUBJECT_TYPE) VALUES ('Quantum mechanics', 'Physical');
INSERT INTO STUDENTS_APP.SUBJECTS (SUBJECT_NAME, SUBJECT_TYPE) VALUES ('Databases', 'IT, Computer Science');
INSERT INTO STUDENTS_APP.SUBJECTS (SUBJECT_NAME, SUBJECT_TYPE) VALUES ('Program engineering', 'IT, Computer Science');
INSERT INTO STUDENTS_APP.SUBJECTS (SUBJECT_NAME, SUBJECT_TYPE) VALUES ('OOP', 'IT, Computer Science');
INSERT INTO STUDENTS_APP.SUBJECTS (SUBJECT_NAME, SUBJECT_TYPE) VALUES ('Biology', 'Natural');

INSERT INTO STUDENTS_APP.PEOPLE (ROLE_NAME, USERNAME, PASSWORD) VALUES
  ('ROLE_ADMIN', 'admin', '78e0d5058803a3d6481b946b5e7a2510');

INSERT INTO STUDENTS_APP.NEWS (NEWS_ID, AUTHOR_USERNAME, PUBLISH_DATE, BRIEF_DESCRIPTION, FULL_DESCRIPTION)
    VALUES (1, 'admin', '2015-02-12 00:00:01', 'The first news', 'This is the first published news here. Enjoy!');

INSERT INTO STUDENTS_APP.CITIES (ID, CITY_NAME, COUNTRY) VALUES (1, 'Kazan', 'Russia');
INSERT INTO STUDENTS_APP.CITIES (ID, CITY_NAME, COUNTRY) VALUES (2, 'Moscow', 'Russia');
INSERT INTO STUDENTS_APP.CITIES (ID, CITY_NAME, COUNTRY) VALUES (3, 'Saint-Petersburg', 'Russia');
INSERT INTO STUDENTS_APP.CITIES (ID, CITY_NAME, COUNTRY) VALUES (4, 'Berlin', 'Germany');
INSERT INTO STUDENTS_APP.CITIES (ID, CITY_NAME, COUNTRY) VALUES (5, 'Munich', 'Germany');
INSERT INTO STUDENTS_APP.CITIES (ID, CITY_NAME, COUNTRY) VALUES (6, 'Paris', 'France');
INSERT INTO STUDENTS_APP.CITIES (ID, CITY_NAME, COUNTRY) VALUES (7, 'Stockholm', 'Sweden');
INSERT INTO STUDENTS_APP.CITIES (ID, CITY_NAME, COUNTRY) VALUES (8, 'Vienna', 'Austria');
INSERT INTO STUDENTS_APP.CITIES (ID, CITY_NAME, COUNTRY) VALUES (9, 'Salzburg', 'Austria');
INSERT INTO STUDENTS_APP.CITIES (ID, CITY_NAME, COUNTRY) VALUES (10, 'Cambridge', 'UK');
INSERT INTO STUDENTS_APP.CITIES (ID, CITY_NAME, COUNTRY) VALUES (11, 'London', 'UK');
INSERT INTO STUDENTS_APP.CITIES (ID, CITY_NAME, COUNTRY) VALUES (12, 'Boston', 'USA');
INSERT INTO STUDENTS_APP.CITIES (ID, CITY_NAME, COUNTRY) VALUES (13, 'San-Francisco', 'USA');
INSERT INTO STUDENTS_APP.CITIES (ID, CITY_NAME, COUNTRY) VALUES (14, 'New-York', 'USA');
INSERT INTO STUDENTS_APP.CITIES (ID, CITY_NAME, COUNTRY) VALUES (15, 'Los-Angeles', 'USA');